{"a": [62.38623, 82.38806, 7.0137, 46.62065, 76.58068, 51.43098, 76.83335, 79.19562, 97.62367, 58.47771, 47.30955, 50.37535, 1.25075, 29.58754, 88.66435, 12.59988, 83.59252, 66.98283, 38.55904, 31.45812, 20.71467, 31.02187, 15.12764, 96.02586, 32.94473, 59.04596, 59.39376, 74.08913, 35.64187, 77.44813, 18.84901, 2.14818, 62.28504, 39.29827, 70.77578, 25.03052, 30.84742, 48.55994, 35.61899, 23.84646, 90.36946, 6.91768, 10.98128, 88.64945, 66.66458, 32.26881, 4.14373, 28.02659, 23.96431, 91.86398, 20.25983, 63.89012, 13.43973, 47.39178, 36.33302, 42.63265, 80.77095, 60.15906, 39.74389, 77.25146, 97.86574, 3.23325, 67.44078, 13.5357, 2.47429, 31.7726, 13.13548, 83.61058, 82.21802, 12.29383, 21.47501, 82.68378, 43.11987, 67.63242, 71.92358, 24.89024, 21.548, 79.84809, 33.65284, 41.31524], "b": [75.129, 22.44766, 29.93184, 17.44157, 44.54509, 95.05432, 25.65748, 67.21533, 87.65426, 58.37433, 18.44195, 12.12018, 89.42269, 71.2629, 13.92535, 59.04108, 23.99941, 71.87822, 61.63751, 23.61391, 98.29796, 11.79192, 32.15395, 66.95791, 58.84226, 39.04742, 94.61821, 39.09464, 23.6595, 22.8186, 25.22569, 63.45455, 68.03597, 4.49981, 7.15421, 64.76644, 26.13144, 48.50949, 55.632, 4.33343, 41.64041, 75.05191, 34.59648, 58.7291, 66.21356, 97.31551, 14.01429, 89.34662, 5.80289, 40.36347, 35.38136, 44.20153, 83.60248, 62.93382, 93.96757, 22.24351, 49.44209, 88.95042, 40.22549, 73.23279, 18.33717, 25.63373, 18.11083, 43.07406, 72.87939, 14.73613, 57.52208, 31.17503, 36.45948, 44.1199, 26.23894, 12.15261, 62.61137, 50.12528, 31.69897, 16.30732, 94.35727, 10.50006, 29.91413, 83.1713], "c": [83.36029, 91.45805, 85.91167, 61.31495, 49.51049, 20.95938, 67.62462, 82.75298, 84.92022, 97.78096, 68.63917, 18.06012, 57.4657, 18.17408, 1.53819, 51.0481, 61.01139, 51.91776, 42.3273, 90.85179, 58.17446, 79.43577, 14.71505, 36.87322, 21.5859, 70.89619, 91.78009, 19.97595, 31.01904, 57.67746, 54.88193, 17.60948, 37.69607, 65.33157, 48.1631, 75.52597, 10.74272, 90.44134, 44.12279, 99.4563, 93.63258, 21.87913, 3.64698, 85.81315, 84.27437, 77.48206, 46.53749, 44.14442, 56.03084, 44.95305, 93.06254, 87.32449, 77.4273, 92.75864, 11.70997, 91.94346, 54.95804, 56.30933, 63.79163, 26.22784, 39.57318, 22.84783, 92.4094, 0.08668, 67.73851, 20.01604, 48.6302, 75.54602, 64.33954, 46.26074, 23.39503, 11.63717, 91.81302, 40.23277, 89.15458, 16.84405, 56.41937, 83.08981, 10.43363, 63.61902], "d": [27.74424, 80.5327, 67.1161, 33.21598, 67.42939, 11.98059, 26.24935, 58.96633, 50.4209, 44.07833, 47.29507, 25.50743, 75.32843, 16.81431, 13.66487, 5.53895, 3.14929, 28.47489, 41.37874, 68.30153, 1.27827, 37.08521, 16.98815, 67.92053, 56.5853, 24.22228, 48.97814, 47.79856, 68.91017, 55.70921, 29.45283, 64.66023, 34.12769, 33.82379, 64.96941, 61.87912, 10.29718, 11.97689, 26.94876, 27.57129, 82.93843, 38.24934, 24.38582, 36.15851, 72.02664, 72.67889, 44.03541, 66.13426, 26.24663, 86.82155, 46.46163, 23.00369, 25.0866, 77.52374, 53.147, 57.40887, 1.08077, 91.55244, 65.93742, 41.26987, 77.04101, 39.61678, 2.57459, 17.00551, 95.11693, 35.06779, 21.23438, 89.85225, 10.28988, 37.98941, 21.61468, 32.49616, 49.82949, 75.3226, 22.07586, 14.55702, 54.94368, 0.4999, 7.25622, 57.14133]}